Product Name,Product Brand
Women Heels,Catwalk
Strappy Platform Wedges,Marc Loire
Women Solid Heels,Anouk
Woven Design Open Toe Wedges,Taavi
Women Open Toe Heels,Catwalk
Stiletto Pumps with Bows,Flat n Heels
Women Pumps,Shoetopia
Women Suede Heels,Shoetopia
Women Pumps,Catwalk
Women Platform Heels,H&M
Wedge Pumps with Buckles,ZAPATOZ
Women Solid Wedges,Marc Loire
Stiletto Sandals,STALK
Women Sandals,Metro
Women Solid Stiletto Pumps,Shoetopia
Block Sandals with Buckles,ZAPATOZ
Slim Heeled Pumps with Buckles,ZAPATOZ
Women Heels,Shoetopia
Women Solid Wedges,Marc Loire
Women Heels,Mochi
Women Gladiators,Catwalk
Women Textured Block Heels,House of Pataudi
Women Solid Wedges,MANGO
Women Sandals,Metro
Women Criss-Cross Detail Heels,Anouk
Women Wedges,Marc Loire
Women Shimmer Wedges,DressBerry
Women Solid Wedges,Shoetopia
Women Sandals,Truffle Collection
Women Heeled Mules,Shoetopia
Women Solid Wedges,ZAPATOZ
Snakeskin Textured Wedges,Anouk
Suede Platform Sandals,ZAPATOZ
Women Sandals,Shoetopia
Women Wedges,Mochi
Women Sandals,Flat n Heels
Women One Toe Block Heels,CORSICA
Women Checked Block Heels,all about you
Women Sandals,Truffle Collection
Women Wedges,Marc Loire
Women Sandals,Flat n Heels
Women Colourblocked Wedges,ZAPATOZ
Women Embellished Wedges,Marc Loire
Women Heels,Mochi
Textured Slim Heels,Truffle Collection
Women Solid Wedges,Roadster
Women Block Heels,Mochi
Women Solid Heels,DressBerry
Women Embellished Wedges,Marc Loire
Embellished Stiletto Pumps,ZAPATOZ
